sequence_number,consensus_timestamp,topic_id,message_b64,message_text,message_json,running_hash,payer_account_id
1,1772273648.702887000,0.0.8052389,eyJ0eXBlIjogIlRFU1QiLCAidGltZXN0YW1wIjogMTc3MjI3MDAzMCwgIm1lc3NhZ2UiOiAiSENTIGxvZ2dpbmcgdGVzdCBmcm9tIEhlZGVyYSBGbG93IiwgInRlc3RfaWQiOiAidGVzdC0wMDEifQ==,"{""type"": ""TEST"", ""timestamp"": 1772270030, ""message"": ""HCS logging test from Hedera Flow"", ""test_id"": ""test-001""}","{'type': 'TEST', 'timestamp': 1772270030, 'message': 'HCS logging test from Hedera Flow', 'test_id': 'test-001'}",MBV11NCgjylsBI38GfMXy2KtysHRBhgoJHFH+hCPrM+41UtVkzVYeHA6HkcyAwlf,0.0.7942957
2,1774922557.743708000,0.0.8052389,eyJldmVudCI6ICJpbnRlZ3JhdGlvbl90ZXN0IiwgInNvdXJjZSI6ICJoZWRlcmEtcHktbGl0ZSIsICJuZXR3b3JrIjogInRlc3RuZXQifQ==,"{""event"": ""integration_test"", ""source"": ""hedera-py-lite"", ""network"": ""testnet""}","{'event': 'integration_test', 'source': 'hedera-py-lite', 'network': 'testnet'}",+UPv64RLK9Ou2Tv+TxbHtlrwKYX9pDNslVDhGpcVqJXlLorFFbhuG+slxHtY7J1E,0.0.7942957
3,1774923336.686352502,0.0.8052389,eyJldmVudCI6ICJpbnRlZ3JhdGlvbl90ZXN0IiwgInNvdXJjZSI6ICJoZWRlcmEtcHktbGl0ZSIsICJuZXR3b3JrIjogInRlc3RuZXQifQ==,"{""event"": ""integration_test"", ""source"": ""hedera-py-lite"", ""network"": ""testnet""}","{'event': 'integration_test', 'source': 'hedera-py-lite', 'network': 'testnet'}",qKNZxwkkzCucw9vJMWbt7pwo5KZN777zCX8PQ8HrxaIH/dePwqomIEuiHnvV07kT,0.0.7942957
4,1774924143.062905069,0.0.8052389,eyJldmVudCI6ICJpbnRlZ3JhdGlvbl90ZXN0IiwgInNvdXJjZSI6ICJoZWRlcmEtcHktbGl0ZSIsICJuZXR3b3JrIjogInRlc3RuZXQifQ==,"{""event"": ""integration_test"", ""source"": ""hedera-py-lite"", ""network"": ""testnet""}","{'event': 'integration_test', 'source': 'hedera-py-lite', 'network': 'testnet'}",tsUGnvOqlEfuClCBgPaR9NYoswNgk22sovvKthqWqmq7XlcoiOOUKct25In3+X8I,0.0.7942957
5,1774929723.173380000,0.0.8052389,eyJldmVudCI6ICJpbnRlZ3JhdGlvbl90ZXN0IiwgInNvdXJjZSI6ICJoZWRlcmEtcHktbGl0ZSIsICJuZXR3b3JrIjogInRlc3RuZXQifQ==,"{""event"": ""integration_test"", ""source"": ""hedera-py-lite"", ""network"": ""testnet""}","{'event': 'integration_test', 'source': 'hedera-py-lite', 'network': 'testnet'}",aLHte7TomUCehOK75He1azl19he3ln4/Y60IXi7camMC5FBDdCDDXGZHOy+XUBgz,0.0.7942957
6,1774929831.476962000,0.0.8052389,eyJldmVudCI6ICJpbnRlZ3JhdGlvbl90ZXN0IiwgInNvdXJjZSI6ICJoZWRlcmEtcHktbGl0ZSIsICJuZXR3b3JrIjogInRlc3RuZXQifQ==,"{""event"": ""integration_test"", ""source"": ""hedera-py-lite"", ""network"": ""testnet""}","{'event': 'integration_test', 'source': 'hedera-py-lite', 'network': 'testnet'}",tUuA9FRGhA/DqDJtpBv13Dnr3ngLKliYOMtLYLD/etSH2Hstb5SZdVpqYbB2i8li,0.0.7942957
7,1774996958.534693000,0.0.8052389,eyJldmVudCI6ICJpbnRlZ3JhdGlvbl90ZXN0IiwgInNvdXJjZSI6ICJoZWRlcmEtcHktbGl0ZSIsICJuZXR3b3JrIjogInRlc3RuZXQifQ==,"{""event"": ""integration_test"", ""source"": ""hedera-py-lite"", ""network"": ""testnet""}","{'event': 'integration_test', 'source': 'hedera-py-lite', 'network': 'testnet'}",JwgJUVFVJS+a7EN3CAaegYjEKgJeVgOs/YBSEt/x7qghnya2e22n9q4XnSrBN++G,0.0.7942957
8,1775034080.303490342,0.0.8052389,eyJldmVudCI6ICJoZWxsbyIsICJzb3VyY2UiOiAiaGVkZXJhLXB5LWxpdGUiLCAidmVyc2lvbiI6ICIwLjEuMCJ9,"{""event"": ""hello"", ""source"": ""hedera-py-lite"", ""version"": ""0.1.0""}","{'event': 'hello', 'source': 'hedera-py-lite', 'version': '0.1.0'}",Af2y4GpguSSpFpJ3lTh7zR+shtYHShpvoYBMiVgL8s/1cty7Y5SDitLTdEZsVSHT,0.0.7942957
9,1775035203.503670000,0.0.8052389,eyJldmVudCI6ICJoZWxsbyIsICJzb3VyY2UiOiAiaGVkZXJhLXB5LWxpdGUiLCAidmVyc2lvbiI6ICIwLjEuMCJ9,"{""event"": ""hello"", ""source"": ""hedera-py-lite"", ""version"": ""0.1.0""}","{'event': 'hello', 'source': 'hedera-py-lite', 'version': '0.1.0'}",DvPmfnjY2LsS4Vc4c5GELXB6dvo0/Wf/qmca2ZxN85nTl0ZncWwkuU1ColsCHv68,0.0.7942957
10,1775035211.717844844,0.0.8052389,eyJldmVudCI6ICJoZWxsbyIsICJzb3VyY2UiOiAiaGVkZXJhLXB5LWxpdGUiLCAidmVyc2lvbiI6ICIwLjEuMCJ9,"{""event"": ""hello"", ""source"": ""hedera-py-lite"", ""version"": ""0.1.0""}","{'event': 'hello', 'source': 'hedera-py-lite', 'version': '0.1.0'}",7G6cNXwCspYmAC4pZ6hxoUks9UeSicVlFC0z/jYizG9THMIy4ijtIdQsNgRt4yCh,0.0.7942957
11,1775036169.752017000,0.0.8052389,eyJldmVudCI6ICJoZWxsbyIsICJzb3VyY2UiOiAiaGVkZXJhLXB5LWxpdGUiLCAidmVyc2lvbiI6ICIwLjEuMCJ9,"{""event"": ""hello"", ""source"": ""hedera-py-lite"", ""version"": ""0.1.0""}","{'event': 'hello', 'source': 'hedera-py-lite', 'version': '0.1.0'}",9f4a8AfYQ7zimdWNWAfBUiIexVngm6xz7i8i3EYoCbLt0md/oXEu0vOuFJBei3oR,0.0.7942957
12,1775036174.815808000,0.0.8052389,eyJldmVudCI6ICJoZWxsbyIsICJzb3VyY2UiOiAiaGVkZXJhLXB5LWxpdGUiLCAidmVyc2lvbiI6ICIwLjEuMCJ9,"{""event"": ""hello"", ""source"": ""hedera-py-lite"", ""version"": ""0.1.0""}","{'event': 'hello', 'source': 'hedera-py-lite', 'version': '0.1.0'}",8tp4hKNfigKr2+VVxGMarqN4AzPAVCel0lEE2TqqDcf57Hhul/XY1hWVd+pqID2g,0.0.7942957
13,1775259673.625085000,0.0.8052389,eyJldmVudCI6ICJpbnRlZ3JhdGlvbl90ZXN0IiwgInNvdXJjZSI6ICJoZWRlcmEtcHktbGl0ZSIsICJuZXR3b3JrIjogInRlc3RuZXQifQ==,"{""event"": ""integration_test"", ""source"": ""hedera-py-lite"", ""network"": ""testnet""}","{'event': 'integration_test', 'source': 'hedera-py-lite', 'network': 'testnet'}",ImW8MTcaxAa4UJce77NB3SbHl46u0WavXLfkQLpuUJ2lLHRFuFOB5q1suLx7YWkj,0.0.7942957
